{
	"data": {
		"list": [{
			"citycode": 513200,
			"name": "阿坝",
			"pinyin": "AB",
			"ishot": false
		}, {
			"citycode": 610900,
			"name": "安康",
			"pinyin": "AK",
			"ishot": false
		}, {
			"citycode": 652901,
			"name": "阿克苏",
			"pinyin": "AKS",
			"ishot": false
		}, {
			"citycode": 152900,
			"name": "阿拉善",
			"pinyin": "ALS",
			"ishot": false
		}, {
			"citycode": 340800,
			"name": "安庆",
			"pinyin": "AQ",
			"ishot": false
		}, {
			"citycode": 520400,
			"name": "安顺",
			"pinyin": "AS",
			"ishot": false
		}, {
			"citycode": 210300,
			"name": "鞍山",
			"pinyin": "AS",
			"ishot": false
		}, {
			"citycode": 410500,
			"name": "安阳",
			"pinyin": "AY",
			"ishot": false
		}, {
			"citycode": 340300,
			"name": "蚌埠",
			"pinyin": "BB",
			"ishot": false
		}, {
			"citycode": 220800,
			"name": "白城",
			"pinyin": "BC",
			"ishot": false
		}, {
			"citycode": 130600,
			"name": "保定",
			"pinyin": "BD",
			"ishot": false
		}, {
			"citycode": 450500,
			"name": "北海",
			"pinyin": "BH",
			"ishot": false
		}, {
			"citycode": 110100,
			"name": "北京",
			"pinyin": "BJ",
			"ishot": true
		}, {
			"citycode": 610300,
			"name": "宝鸡",
			"pinyin": "BJ",
			"ishot": false
		}, {
			"citycode": 522401,
			"name": "毕节",
			"pinyin": "BJ",
			"ishot": false
		}, {
			"citycode": 451000,
			"name": "百色",
			"pinyin": "BS",
			"ishot": false
		}, {
			"citycode": 220600,
			"name": "白山",
			"pinyin": "BS",
			"ishot": false
		}, {
			"citycode": 530500,
			"name": "保山",
			"pinyin": "BS",
			"ishot": false
		}, {
			"citycode": 150200,
			"name": "包头",
			"pinyin": "BT",
			"ishot": false
		}, {
			"citycode": 210500,
			"name": "本溪",
			"pinyin": "BX",
			"ishot": false
		}, {
			"citycode": 620400,
			"name": "白银",
			"pinyin": "BY",
			"ishot": false
		}, {
			"citycode": 652800,
			"name": "巴音郭楞",
			"pinyin": "BYGL",
			"ishot": false
		}, {
			"citycode": 150800,
			"name": "巴彦淖尔",
			"pinyin": "BYNE",
			"ishot": false
		}, {
			"citycode": 371600,
			"name": "滨州",
			"pinyin": "BZ",
			"ishot": false
		}, {
			"citycode": 511900,
			"name": "巴中",
			"pinyin": "BZ",
			"ishot": false
		}, {
			"citycode": 341600,
			"name": "亳州",
			"pinyin": "BZ",
			"ishot": false
		}, {
			"citycode": 220100,
			"name": "长春",
			"pinyin": "CC",
			"ishot": false
		}, {
			"citycode": 510100,
			"name": "成都",
			"pinyin": "CD",
			"ishot": true
		}, {
			"citycode": 130800,
			"name": "承德",
			"pinyin": "CD",
			"ishot": false
		}, {
			"citycode": 430700,
			"name": "常德",
			"pinyin": "CD",
			"ishot": false
		}, {
			"citycode": 150400,
			"name": "赤峰",
			"pinyin": "CF",
			"ishot": false
		}, {
			"citycode": 652301,
			"name": "昌吉",
			"pinyin": "CJ",
			"ishot": false
		}, {
			"citycode": 360202,
			"name": "昌江",
			"pinyin": "CJ",
			"ishot": false
		}, {
			"citycode": 469023,
			"name": "澄迈县",
			"pinyin": "CMX",
			"ishot": false
		}, {
			"citycode": 500100,
			"name": "重庆",
			"pinyin": "CQ",
			"ishot": true
		}, {
			"citycode": 430100,
			"name": "长沙",
			"pinyin": "CS",
			"ishot": false
		}, {
			"citycode": 532301,
			"name": "楚雄",
			"pinyin": "CX",
			"ishot": false
		}, {
			"citycode": 211300,
			"name": "朝阳",
			"pinyin": "CY",
			"ishot": false
		}, {
			"citycode": 341700,
			"name": "池州",
			"pinyin": "CZ",
			"ishot": false
		}, {
			"citycode": 341100,
			"name": "滁州",
			"pinyin": "CZ",
			"ishot": false
		}, {
			"citycode": 130900,
			"name": "沧州",
			"pinyin": "CZ",
			"ishot": false
		}, {
			"citycode": 431000,
			"name": "郴州",
			"pinyin": "CZ",
			"ishot": false
		}, {
			"citycode": 320400,
			"name": "常州",
			"pinyin": "CZ",
			"ishot": false
		}, {
			"citycode": 445100,
			"name": "潮州",
			"pinyin": "CZ",
			"ishot": false
		}, {
			"citycode": 451400,
			"name": "崇左",
			"pinyin": "CZ",
			"ishot": false
		}, {
			"citycode": 210600,
			"name": "丹东",
			"pinyin": "DD",
			"ishot": false
		}, {
			"citycode": 469007,
			"name": "东方",
			"pinyin": "DF",
			"ishot": false
		}, {
			"citycode": 441900,
			"name": "东莞",
			"pinyin": "DG",
			"ishot": false
		}, {
			"citycode": 533100,
			"name": "德宏",
			"pinyin": "DH",
			"ishot": false
		}, {
			"citycode": 210200,
			"name": "大连",
			"pinyin": "DL",
			"ishot": false
		}, {
			"citycode": 532901,
			"name": "大理",
			"pinyin": "DL",
			"ishot": false
		}, {
			"citycode": 230600,
			"name": "大庆",
			"pinyin": "DQ",
			"ishot": false
		}, {
			"citycode": 140200,
			"name": "大同",
			"pinyin": "DT",
			"ishot": false
		}, {
			"citycode": 621100,
			"name": "定西",
			"pinyin": "DX",
			"ishot": false
		}, {
			"citycode": 232700,
			"name": "大兴安岭",
			"pinyin": "DXAL",
			"ishot": false
		}, {
			"citycode": 370500,
			"name": "东营",
			"pinyin": "DY",
			"ishot": false
		}, {
			"citycode": 510600,
			"name": "德阳",
			"pinyin": "DY",
			"ishot": false
		}, {
			"citycode": 371400,
			"name": "德州",
			"pinyin": "DZ",
			"ishot": false
		}, {
			"citycode": 511700,
			"name": "达州",
			"pinyin": "DZ",
			"ishot": false
		}, {
			"citycode": 469003,
			"name": "儋州",
			"pinyin": "DZ",
			"ishot": false
		}, {
			"citycode": 150600,
			"name": "鄂尔多斯",
			"pinyin": "EEDS",
			"ishot": false
		}, {
			"citycode": 422800,
			"name": "恩施",
			"pinyin": "ES",
			"ishot": false
		}, {
			"citycode": 420700,
			"name": "鄂州",
			"pinyin": "EZ",
			"ishot": false
		}, {
			"citycode": 450600,
			"name": "防城港",
			"pinyin": "FCG",
			"ishot": false
		}, {
			"citycode": 440600,
			"name": "佛山",
			"pinyin": "FS",
			"ishot": false
		}, {
			"citycode": 210400,
			"name": "抚顺",
			"pinyin": "FS",
			"ishot": false
		}, {
			"citycode": 210900,
			"name": "阜新",
			"pinyin": "FX",
			"ishot": false
		}, {
			"citycode": 341200,
			"name": "阜阳",
			"pinyin": "FY",
			"ishot": false
		}, {
			"citycode": 350100,
			"name": "福州",
			"pinyin": "FZ",
			"ishot": false
		}, {
			"citycode": 361000,
			"name": "抚州",
			"pinyin": "FZ",
			"ishot": false
		}, {
			"citycode": 511600,
			"name": "广安",
			"pinyin": "GA",
			"ishot": false
		}, {
			"citycode": 450800,
			"name": "贵港",
			"pinyin": "GG",
			"ishot": false
		}, {
			"citycode": 450300,
			"name": "桂林",
			"pinyin": "GL",
			"ishot": false
		}, {
			"citycode": 623000,
			"name": "甘南",
			"pinyin": "GN",
			"ishot": false
		}, {
			"citycode": 520100,
			"name": "贵阳",
			"pinyin": "GY",
			"ishot": false
		}, {
			"citycode": 640400,
			"name": "固原",
			"pinyin": "GY",
			"ishot": false
		}, {
			"citycode": 510800,
			"name": "广元",
			"pinyin": "GY",
			"ishot": false
		}, {
			"citycode": 440100,
			"name": "广州",
			"pinyin": "GZ",
			"ishot": true
		}, {
			"citycode": 360700,
			"name": "赣州",
			"pinyin": "GZ",
			"ishot": false
		}, {
			"citycode": 513300,
			"name": "甘孜",
			"pinyin": "GZ",
			"ishot": false
		}, {
			"citycode": 320800,
			"name": "淮安",
			"pinyin": "HA",
			"ishot": false
		}, {
			"citycode": 410600,
			"name": "鹤壁",
			"pinyin": "HB",
			"ishot": false
		}, {
			"citycode": 340600,
			"name": "淮北",
			"pinyin": "HB",
			"ishot": false
		}, {
			"citycode": 451200,
			"name": "河池",
			"pinyin": "HC",
			"ishot": false
		}, {
			"citycode": 130400,
			"name": "邯郸",
			"pinyin": "HD",
			"ishot": false
		}, {
			"citycode": 630200,
			"name": "海东",
			"pinyin": "HD",
			"ishot": false
		}, {
			"citycode": 230100,
			"name": "哈尔滨",
			"pinyin": "HEB",
			"ishot": false
		}, {
			"citycode": 340100,
			"name": "合肥",
			"pinyin": "HF",
			"ishot": false
		}, {
			"citycode": 421100,
			"name": "黄冈",
			"pinyin": "HG",
			"ishot": false
		}, {
			"citycode": 230400,
			"name": "鹤岗",
			"pinyin": "HG",
			"ishot": false
		}, {
			"citycode": 431200,
			"name": "怀化",
			"pinyin": "HH",
			"ishot": false
		}, {
			"citycode": 532500,
			"name": "红河",
			"pinyin": "HH",
			"ishot": false
		}, {
			"citycode": 231100,
			"name": "黑河",
			"pinyin": "HH",
			"ishot": false
		}, {
			"citycode": 150100,
			"name": "呼和浩特",
			"pinyin": "HHHT",
			"ishot": false
		}, {
			"citycode": 460100,
			"name": "海口",
			"pinyin": "HK",
			"ishot": false
		}, {
			"citycode": 150700,
			"name": "呼伦贝尔",
			"pinyin": "HLBE",
			"ishot": false
		}, {
			"citycode": 211400,
			"name": "葫芦岛",
			"pinyin": "HLD",
			"ishot": false
		}, {
			"citycode": 652200,
			"name": "哈密",
			"pinyin": "HM",
			"ishot": false
		}, {
			"citycode": 340400,
			"name": "淮南",
			"pinyin": "HN",
			"ishot": false
		}, {
			"citycode": 632500,
			"name": "海南州",
			"pinyin": "HNZ",
			"ishot": false
		}, {
			"citycode": 341000,
			"name": "黄山",
			"pinyin": "HS",
			"ishot": false
		}, {
			"citycode": 420200,
			"name": "黄石",
			"pinyin": "HS",
			"ishot": false
		}, {
			"citycode": 131100,
			"name": "衡水",
			"pinyin": "HS",
			"ishot": false
		}, {
			"citycode": 653200,
			"name": "和田",
			"pinyin": "HT",
			"ishot": false
		}, {
			"citycode": 632800,
			"name": "海西",
			"pinyin": "HX",
			"ishot": false
		}, {
			"citycode": 441600,
			"name": "河源",
			"pinyin": "HY",
			"ishot": false
		}, {
			"citycode": 430400,
			"name": "衡阳",
			"pinyin": "HY",
			"ishot": false
		}, {
			"citycode": 330100,
			"name": "杭州",
			"pinyin": "HZ",
			"ishot": true
		}, {
			"citycode": 441300,
			"name": "惠州",
			"pinyin": "HZ",
			"ishot": false
		}, {
			"citycode": 330500,
			"name": "湖州",
			"pinyin": "HZ",
			"ishot": false
		}, {
			"citycode": 451100,
			"name": "贺州",
			"pinyin": "HZ",
			"ishot": false
		}, {
			"citycode": 371700,
			"name": "菏泽",
			"pinyin": "HZ",
			"ishot": false
		}, {
			"citycode": 610700,
			"name": "汉中",
			"pinyin": "HZ",
			"ishot": false
		}, {
			"citycode": 360800,
			"name": "吉安",
			"pinyin": "JA",
			"ishot": false
		}, {
			"citycode": 140500,
			"name": "晋城",
			"pinyin": "JC",
			"ishot": false
		}, {
			"citycode": 620300,
			"name": "金昌",
			"pinyin": "JC",
			"ishot": false
		}, {
			"citycode": 360200,
			"name": "景德镇",
			"pinyin": "JDZ",
			"ishot": false
		}, {
			"citycode": 330700,
			"name": "金华",
			"pinyin": "JH",
			"ishot": false
		}, {
			"citycode": 360400,
			"name": "九江",
			"pinyin": "JJ",
			"ishot": false
		}, {
			"citycode": 220200,
			"name": "吉林",
			"pinyin": "JL",
			"ishot": false
		}, {
			"citycode": 440700,
			"name": "江门",
			"pinyin": "JM",
			"ishot": false
		}, {
			"citycode": 420800,
			"name": "荆门",
			"pinyin": "JM",
			"ishot": false
		}, {
			"citycode": 230800,
			"name": "佳木斯",
			"pinyin": "JMS",
			"ishot": false
		}, {
			"citycode": 370100,
			"name": "济南",
			"pinyin": "JN",
			"ishot": false
		}, {
			"citycode": 370800,
			"name": "济宁",
			"pinyin": "JN",
			"ishot": false
		}, {
			"citycode": 620900,
			"name": "酒泉",
			"pinyin": "JQ",
			"ishot": false
		}, {
			"citycode": 330400,
			"name": "嘉兴",
			"pinyin": "JX",
			"ishot": false
		}, {
			"citycode": 230300,
			"name": "鸡西",
			"pinyin": "JX",
			"ishot": false
		}, {
			"citycode": 445200,
			"name": "揭阳",
			"pinyin": "JY",
			"ishot": false
		}, {
			"citycode": 410881,
			"name": "济源",
			"pinyin": "JY",
			"ishot": false
		}, {
			"citycode": 620200,
			"name": "嘉峪关",
			"pinyin": "JYG",
			"ishot": false
		}, {
			"citycode": 410800,
			"name": "焦作",
			"pinyin": "JZ",
			"ishot": false
		}, {
			"citycode": 421000,
			"name": "荆州",
			"pinyin": "JZ",
			"ishot": false
		}, {
			"citycode": 210700,
			"name": "锦州",
			"pinyin": "JZ",
			"ishot": false
		}, {
			"citycode": 140700,
			"name": "晋中",
			"pinyin": "JZ",
			"ishot": false
		}, {
			"citycode": 410200,
			"name": "开封",
			"pinyin": "KF",
			"ishot": false
		}, {
			"citycode": 650200,
			"name": "克拉玛依",
			"pinyin": "KLMY",
			"ishot": false
		}, {
			"citycode": 530100,
			"name": "昆明",
			"pinyin": "KM",
			"ishot": false
		}, {
			"citycode": 653000,
			"name": "克孜勒苏柯尔克孜",
			"pinyin": "KZLSKEKZ",
			"ishot": false
		}, {
			"citycode": 341500,
			"name": "六安",
			"pinyin": "LA",
			"ishot": false
		}, {
			"citycode": 451300,
			"name": "来宾",
			"pinyin": "LB",
			"ishot": false
		}, {
			"citycode": 371500,
			"name": "聊城",
			"pinyin": "LC",
			"ishot": false
		}, {
			"citycode": 530900,
			"name": "临沧",
			"pinyin": "LC",
			"ishot": false
		}, {
			"citycode": 431300,
			"name": "娄底",
			"pinyin": "LD",
			"ishot": false
		}, {
			"citycode": 131000,
			"name": "廊坊",
			"pinyin": "LF",
			"ishot": false
		}, {
			"citycode": 141000,
			"name": "临汾",
			"pinyin": "LF",
			"ishot": false
		}, {
			"citycode": 469024,
			"name": "临高",
			"pinyin": "LG",
			"ishot": false
		}, {
			"citycode": 411100,
			"name": "漯河",
			"pinyin": "LH",
			"ishot": false
		}, {
			"citycode": 530700,
			"name": "丽江",
			"pinyin": "LJ",
			"ishot": false
		}, {
			"citycode": 141100,
			"name": "吕梁",
			"pinyin": "LL",
			"ishot": false
		}, {
			"citycode": 621200,
			"name": "陇南",
			"pinyin": "LN",
			"ishot": false
		}, {
			"citycode": 520200,
			"name": "六盘水",
			"pinyin": "LPS",
			"ishot": false
		}, {
			"citycode": 511100,
			"name": "乐山",
			"pinyin": "LS",
			"ishot": false
		}, {
			"citycode": 540100,
			"name": "拉萨",
			"pinyin": "LS",
			"ishot": false
		}, {
			"citycode": 331100,
			"name": "丽水",
			"pinyin": "LS",
			"ishot": false
		}, {
			"citycode": 513400,
			"name": "凉山",
			"pinyin": "LS",
			"ishot": false
		}, {
			"citycode": 469028,
			"name": "陵水",
			"pinyin": "LS",
			"ishot": false
		}, {
			"citycode": 622900,
			"name": "临夏",
			"pinyin": "LX",
			"ishot": false
		}, {
			"citycode": 350800,
			"name": "龙岩",
			"pinyin": "LY",
			"ishot": false
		}, {
			"citycode": 410300,
			"name": "洛阳",
			"pinyin": "LY",
			"ishot": false
		}, {
			"citycode": 220400,
			"name": "辽源",
			"pinyin": "LY",
			"ishot": false
		}, {
			"citycode": 371300,
			"name": "临沂",
			"pinyin": "LY",
			"ishot": false
		}, {
			"citycode": 211000,
			"name": "辽阳",
			"pinyin": "LY",
			"ishot": false
		}, {
			"citycode": 320700,
			"name": "连云港",
			"pinyin": "LYG",
			"ishot": false
		}, {
			"citycode": 620100,
			"name": "兰州",
			"pinyin": "LZ",
			"ishot": false
		}, {
			"citycode": 450200,
			"name": "柳州",
			"pinyin": "LZ",
			"ishot": false
		}, {
			"citycode": 510500,
			"name": "泸州",
			"pinyin": "LZ",
			"ishot": false
		}, {
			"citycode": 542600,
			"name": "林芝",
			"pinyin": "LZ",
			"ishot": false
		}, {
			"citycode": 340500,
			"name": "马鞍山",
			"pinyin": "MAS",
			"ishot": false
		}, {
			"citycode": 231000,
			"name": "牡丹江",
			"pinyin": "MDJ",
			"ishot": false
		}, {
			"citycode": 440900,
			"name": "茂名",
			"pinyin": "MM",
			"ishot": false
		}, {
			"citycode": 511400,
			"name": "眉山",
			"pinyin": "MS",
			"ishot": false
		}, {
			"citycode": 510700,
			"name": "绵阳",
			"pinyin": "MY",
			"ishot": false
		}, {
			"citycode": 441400,
			"name": "梅州",
			"pinyin": "MZ",
			"ishot": false
		}, {
			"citycode": 330200,
			"name": "宁波",
			"pinyin": "NB",
			"ishot": false
		}, {
			"citycode": 360100,
			"name": "南昌",
			"pinyin": "NC",
			"ishot": false
		}, {
			"citycode": 511300,
			"name": "南充",
			"pinyin": "NC",
			"ishot": false
		}, {
			"citycode": 350900,
			"name": "宁德",
			"pinyin": "ND",
			"ishot": false
		}, {
			"citycode": 320100,
			"name": "南京",
			"pinyin": "NJ",
			"ishot": true
		}, {
			"citycode": 511000,
			"name": "内江",
			"pinyin": "NJ",
			"ishot": false
		}, {
			"citycode": 533300,
			"name": "怒江",
			"pinyin": "NJ",
			"ishot": false
		}, {
			"citycode": 450100,
			"name": "南宁",
			"pinyin": "NN",
			"ishot": false
		}, {
			"citycode": 350700,
			"name": "南平",
			"pinyin": "NP",
			"ishot": false
		}, {
			"citycode": 320600,
			"name": "南通",
			"pinyin": "NT",
			"ishot": false
		}, {
			"citycode": 411300,
			"name": "南阳",
			"pinyin": "NY",
			"ishot": false
		}, {
			"citycode": 410400,
			"name": "平顶山",
			"pinyin": "PDS",
			"ishot": false
		}, {
			"citycode": 530800,
			"name": "普洱",
			"pinyin": "PE",
			"ishot": false
		}, {
			"citycode": 211100,
			"name": "盘锦",
			"pinyin": "PJ",
			"ishot": false
		}, {
			"citycode": 620800,
			"name": "平凉",
			"pinyin": "PL",
			"ishot": false
		}, {
			"citycode": 350300,
			"name": "莆田",
			"pinyin": "PT",
			"ishot": false
		}, {
			"citycode": 360300,
			"name": "萍乡",
			"pinyin": "PX",
			"ishot": false
		}, {
			"citycode": 410900,
			"name": "濮阳",
			"pinyin": "PY",
			"ishot": false
		}, {
			"citycode": 510400,
			"name": "攀枝花",
			"pinyin": "PZH",
			"ishot": false
		}, {
			"citycode": 370200,
			"name": "青岛",
			"pinyin": "QD",
			"ishot": false
		}, {
			"citycode": 522600,
			"name": "黔东南",
			"pinyin": "QDN",
			"ishot": false
		}, {
			"citycode": 469002,
			"name": "琼海",
			"pinyin": "QH",
			"ishot": false
		}, {
			"citycode": 130300,
			"name": "秦皇岛",
			"pinyin": "QHD",
			"ishot": false
		}, {
			"citycode": 530300,
			"name": "曲靖",
			"pinyin": "QJ",
			"ishot": false
		}, {
			"citycode": 429005,
			"name": "潜江",
			"pinyin": "QJ",
			"ishot": false
		}, {
			"citycode": 522700,
			"name": "黔南",
			"pinyin": "QN",
			"ishot": false
		}, {
			"citycode": 230200,
			"name": "齐齐哈尔",
			"pinyin": "QQHE",
			"ishot": false
		}, {
			"citycode": 522300,
			"name": "黔西南",
			"pinyin": "QXN",
			"ishot": false
		}, {
			"citycode": 441800,
			"name": "清远",
			"pinyin": "QY",
			"ishot": false
		}, {
			"citycode": 621000,
			"name": "庆阳",
			"pinyin": "QY",
			"ishot": false
		}, {
			"citycode": 330800,
			"name": "衢州",
			"pinyin": "QZ",
			"ishot": false
		}, {
			"citycode": 350500,
			"name": "泉州",
			"pinyin": "QZ",
			"ishot": false
		}, {
			"citycode": 450700,
			"name": "钦州",
			"pinyin": "QZ",
			"ishot": false
		}, {
			"citycode": 469030,
			"name": "琼中",
			"pinyin": "QZ",
			"ishot": false
		}, {
			"citycode": 542300,
			"name": "日喀则",
			"pinyin": "RKZ",
			"ishot": false
		}, {
			"citycode": 371100,
			"name": "日照",
			"pinyin": "RZ",
			"ishot": false
		}, {
			"citycode": 440200,
			"name": "韶关",
			"pinyin": "SG",
			"ishot": false
		}, {
			"citycode": 310100,
			"name": "上海",
			"pinyin": "SH",
			"ishot": true
		}, {
			"citycode": 231200,
			"name": "绥化",
			"pinyin": "SH",
			"ishot": false
		}, {
			"citycode": 659001,
			"name": "石河子",
			"pinyin": "SHZ",
			"ishot": false
		}, {
			"citycode": 130100,
			"name": "石家庄",
			"pinyin": "SJZ",
			"ishot": false
		}, {
			"citycode": 611000,
			"name": "商洛",
			"pinyin": "SL",
			"ishot": false
		}, {
			"citycode": 350400,
			"name": "三明",
			"pinyin": "SM",
			"ishot": false
		}, {
			"citycode": 411200,
			"name": "三门峡",
			"pinyin": "SMX",
			"ishot": false
		}, {
			"citycode": 510900,
			"name": "遂宁",
			"pinyin": "SN",
			"ishot": false
		}, {
			"citycode": 220300,
			"name": "四平",
			"pinyin": "SP",
			"ishot": false
		}, {
			"citycode": 411400,
			"name": "商丘",
			"pinyin": "SQ",
			"ishot": false
		}, {
			"citycode": 321300,
			"name": "宿迁",
			"pinyin": "SQ",
			"ishot": false
		}, {
			"citycode": 361100,
			"name": "上饶",
			"pinyin": "SR",
			"ishot": false
		}, {
			"citycode": 440500,
			"name": "汕头",
			"pinyin": "ST",
			"ishot": false
		}, {
			"citycode": 441500,
			"name": "汕尾",
			"pinyin": "SW",
			"ishot": false
		}, {
			"citycode": 330600,
			"name": "绍兴",
			"pinyin": "SX",
			"ishot": false
		}, {
			"citycode": 420300,
			"name": "十堰",
			"pinyin": "SY",
			"ishot": false
		}, {
			"citycode": 210100,
			"name": "沈阳",
			"pinyin": "SY",
			"ishot": false
		}, {
			"citycode": 460200,
			"name": "三亚",
			"pinyin": "SY",
			"ishot": false
		}, {
			"citycode": 430500,
			"name": "邵阳",
			"pinyin": "SY",
			"ishot": false
		}, {
			"citycode": 220700,
			"name": "松原",
			"pinyin": "SY",
			"ishot": false
		}, {
			"citycode": 230500,
			"name": "双鸭山",
			"pinyin": "SYS",
			"ishot": false
		}, {
			"citycode": 440300,
			"name": "深圳",
			"pinyin": "SZ",
			"ishot": true
		}, {
			"citycode": 320500,
			"name": "苏州",
			"pinyin": "SZ",
			"ishot": false
		}, {
			"citycode": 341300,
			"name": "宿州",
			"pinyin": "SZ",
			"ishot": false
		}, {
			"citycode": 421300,
			"name": "随州",
			"pinyin": "SZ",
			"ishot": false
		}, {
			"citycode": 140600,
			"name": "朔州",
			"pinyin": "SZ",
			"ishot": false
		}, {
			"citycode": 640200,
			"name": "石嘴山",
			"pinyin": "SZS",
			"ishot": false
		}, {
			"citycode": 370900,
			"name": "泰安",
			"pinyin": "TA",
			"ishot": false
		}, {
			"citycode": 610200,
			"name": "铜川",
			"pinyin": "TC",
			"ishot": false
		}, {
			"citycode": 654200,
			"name": "塔城",
			"pinyin": "TC",
			"ishot": false
		}, {
			"citycode": 220500,
			"name": "通化",
			"pinyin": "TH",
			"ishot": false
		}, {
			"citycode": 120100,
			"name": "天津",
			"pinyin": "TJ",
			"ishot": false
		}, {
			"citycode": 340700,
			"name": "铜陵",
			"pinyin": "TL",
			"ishot": false
		}, {
			"citycode": 150500,
			"name": "通辽",
			"pinyin": "TL",
			"ishot": false
		}, {
			"citycode": 211200,
			"name": "铁岭",
			"pinyin": "TL",
			"ishot": false
		}, {
			"citycode": 652100,
			"name": "吐鲁番",
			"pinyin": "TLF",
			"ishot": false
		}, {
			"citycode": 429006,
			"name": "天门",
			"pinyin": "TM",
			"ishot": false
		}, {
			"citycode": 522201,
			"name": "铜仁",
			"pinyin": "TR",
			"ishot": false
		}, {
			"citycode": 130200,
			"name": "唐山",
			"pinyin": "TS",
			"ishot": false
		}, {
			"citycode": 620500,
			"name": "天水",
			"pinyin": "TS",
			"ishot": false
		}, {
			"citycode": 140100,
			"name": "太原",
			"pinyin": "TY",
			"ishot": false
		}, {
			"citycode": 331000,
			"name": "台州",
			"pinyin": "TZ",
			"ishot": false
		}, {
			"citycode": 321200,
			"name": "泰州",
			"pinyin": "TZ",
			"ishot": false
		}, {
			"citycode": 469005,
			"name": "文昌",
			"pinyin": "WC",
			"ishot": false
		}, {
			"citycode": 370700,
			"name": "潍坊",
			"pinyin": "WF",
			"ishot": false
		}, {
			"citycode": 420100,
			"name": "武汉",
			"pinyin": "WH",
			"ishot": true
		}, {
			"citycode": 340200,
			"name": "芜湖",
			"pinyin": "WH",
			"ishot": false
		}, {
			"citycode": 150300,
			"name": "乌海",
			"pinyin": "WH",
			"ishot": false
		}, {
			"citycode": 371000,
			"name": "威海",
			"pinyin": "WH",
			"ishot": false
		}, {
			"citycode": 659004,
			"name": "五家渠",
			"pinyin": "WJQ",
			"ishot": false
		}, {
			"citycode": 150900,
			"name": "乌兰察布",
			"pinyin": "WLCB",
			"ishot": false
		}, {
			"citycode": 650100,
			"name": "乌鲁木齐",
			"pinyin": "WLMQ",
			"ishot": false
		}, {
			"citycode": 610500,
			"name": "渭南",
			"pinyin": "WN",
			"ishot": false
		}, {
			"citycode": 469006,
			"name": "万宁",
			"pinyin": "WN",
			"ishot": false
		}, {
			"citycode": 532621,
			"name": "文山",
			"pinyin": "WS",
			"ishot": false
		}, {
			"citycode": 620600,
			"name": "武威",
			"pinyin": "WW",
			"ishot": false
		}, {
			"citycode": 320200,
			"name": "无锡",
			"pinyin": "WX",
			"ishot": false
		}, {
			"citycode": 450400,
			"name": "梧州",
			"pinyin": "WZ",
			"ishot": false
		}, {
			"citycode": 330300,
			"name": "温州",
			"pinyin": "WZ",
			"ishot": false
		}, {
			"citycode": 640300,
			"name": "吴忠",
			"pinyin": "WZ",
			"ishot": false
		}, {
			"citycode": 610100,
			"name": "西安",
			"pinyin": "XA",
			"ishot": true
		}, {
			"citycode": 152200,
			"name": "兴安盟",
			"pinyin": "XAM",
			"ishot": false
		}, {
			"citycode": 341800,
			"name": "宣城",
			"pinyin": "XC",
			"ishot": false
		}, {
			"citycode": 411000,
			"name": "许昌",
			"pinyin": "XC",
			"ishot": false
		}, {
			"citycode": 420900,
			"name": "孝感",
			"pinyin": "XG",
			"ishot": false
		}, {
			"citycode": 152500,
			"name": "锡林郭勒",
			"pinyin": "XLGL",
			"ishot": false
		}, {
			"citycode": 350200,
			"name": "厦门",
			"pinyin": "XM",
			"ishot": false
		}, {
			"citycode": 421200,
			"name": "咸宁",
			"pinyin": "XN",
			"ishot": false
		}, {
			"citycode": 630100,
			"name": "西宁",
			"pinyin": "XN",
			"ishot": false
		}, {
			"citycode": 532800,
			"name": "西双版纳",
			"pinyin": "XSBN",
			"ishot": false
		}, {
			"citycode": 130500,
			"name": "邢台",
			"pinyin": "XT",
			"ishot": false
		}, {
			"citycode": 429004,
			"name": "仙桃",
			"pinyin": "XT",
			"ishot": false
		}, {
			"citycode": 430300,
			"name": "湘潭",
			"pinyin": "XT",
			"ishot": false
		}, {
			"citycode": 410700,
			"name": "新乡",
			"pinyin": "XX",
			"ishot": false
		}, {
			"citycode": 433100,
			"name": "湘西",
			"pinyin": "XX",
			"ishot": false
		}, {
			"citycode": 411500,
			"name": "信阳",
			"pinyin": "XY",
			"ishot": false
		}, {
			"citycode": 420600,
			"name": "襄阳",
			"pinyin": "XY",
			"ishot": false
		}, {
			"citycode": 360500,
			"name": "新余",
			"pinyin": "XY",
			"ishot": false
		}, {
			"citycode": 610400,
			"name": "咸阳",
			"pinyin": "XY",
			"ishot": false
		}, {
			"citycode": 320300,
			"name": "徐州",
			"pinyin": "XZ",
			"ishot": false
		}, {
			"citycode": 140900,
			"name": "忻州",
			"pinyin": "XZ",
			"ishot": false
		}, {
			"citycode": 610600,
			"name": "延安",
			"pinyin": "YA",
			"ishot": false
		}, {
			"citycode": 511800,
			"name": "雅安",
			"pinyin": "YA",
			"ishot": false
		}, {
			"citycode": 511500,
			"name": "宜宾",
			"pinyin": "YB",
			"ishot": false
		}, {
			"citycode": 222400,
			"name": "延边",
			"pinyin": "YB",
			"ishot": false
		}, {
			"citycode": 420500,
			"name": "宜昌",
			"pinyin": "YC",
			"ishot": false
		}, {
			"citycode": 320900,
			"name": "盐城",
			"pinyin": "YC",
			"ishot": false
		}, {
			"citycode": 360900,
			"name": "宜春",
			"pinyin": "YC",
			"ishot": false
		}, {
			"citycode": 640100,
			"name": "银川",
			"pinyin": "YC",
			"ishot": false
		}, {
			"citycode": 140800,
			"name": "运城",
			"pinyin": "YC",
			"ishot": false
		}, {
			"citycode": 230700,
			"name": "伊春",
			"pinyin": "YC",
			"ishot": false
		}, {
			"citycode": 445300,
			"name": "云浮",
			"pinyin": "YF",
			"ishot": false
		}, {
			"citycode": 441700,
			"name": "阳江",
			"pinyin": "YJ",
			"ishot": false
		}, {
			"citycode": 210800,
			"name": "营口",
			"pinyin": "YK",
			"ishot": false
		}, {
			"citycode": 450900,
			"name": "玉林",
			"pinyin": "YL",
			"ishot": false
		}, {
			"citycode": 610800,
			"name": "榆林",
			"pinyin": "YL",
			"ishot": false
		}, {
			"citycode": 654000,
			"name": "伊犁",
			"pinyin": "YL",
			"ishot": false
		}, {
			"citycode": 140300,
			"name": "阳泉",
			"pinyin": "YQ",
			"ishot": false
		}, {
			"citycode": 370600,
			"name": "烟台",
			"pinyin": "YT",
			"ishot": false
		}, {
			"citycode": 360600,
			"name": "鹰潭",
			"pinyin": "YT",
			"ishot": false
		}, {
			"citycode": 530400,
			"name": "玉溪",
			"pinyin": "YX",
			"ishot": false
		}, {
			"citycode": 430900,
			"name": "益阳",
			"pinyin": "YY",
			"ishot": false
		}, {
			"citycode": 430600,
			"name": "岳阳",
			"pinyin": "YY",
			"ishot": false
		}, {
			"citycode": 321000,
			"name": "扬州",
			"pinyin": "YZ",
			"ishot": false
		}, {
			"citycode": 431100,
			"name": "永州",
			"pinyin": "YZ",
			"ishot": false
		}, {
			"citycode": 370300,
			"name": "淄博",
			"pinyin": "ZB",
			"ishot": false
		}, {
			"citycode": 510300,
			"name": "自贡",
			"pinyin": "ZG",
			"ishot": false
		}, {
			"citycode": 440400,
			"name": "珠海",
			"pinyin": "ZH",
			"ishot": false
		}, {
			"citycode": 440800,
			"name": "湛江",
			"pinyin": "ZJ",
			"ishot": false
		}, {
			"citycode": 321100,
			"name": "镇江",
			"pinyin": "ZJ",
			"ishot": false
		}, {
			"citycode": 430800,
			"name": "张家界",
			"pinyin": "ZJJ",
			"ishot": false
		}, {
			"citycode": 130700,
			"name": "张家口",
			"pinyin": "ZJK",
			"ishot": false
		}, {
			"citycode": 411600,
			"name": "周口",
			"pinyin": "ZK",
			"ishot": false
		}, {
			"citycode": 411700,
			"name": "驻马店",
			"pinyin": "ZMD",
			"ishot": false
		}, {
			"citycode": 441200,
			"name": "肇庆",
			"pinyin": "ZQ",
			"ishot": false
		}, {
			"citycode": 442000,
			"name": "中山",
			"pinyin": "ZS",
			"ishot": false
		}, {
			"citycode": 330900,
			"name": "舟山",
			"pinyin": "ZS",
			"ishot": false
		}, {
			"citycode": 530600,
			"name": "昭通",
			"pinyin": "ZT",
			"ishot": false
		}, {
			"citycode": 640500,
			"name": "中卫",
			"pinyin": "ZW",
			"ishot": false
		}, {
			"citycode": 620700,
			"name": "张掖",
			"pinyin": "ZY",
			"ishot": false
		}, {
			"citycode": 520300,
			"name": "遵义",
			"pinyin": "ZY",
			"ishot": false
		}, {
			"citycode": 512000,
			"name": "资阳",
			"pinyin": "ZY",
			"ishot": false
		}, {
			"citycode": 410100,
			"name": "郑州",
			"pinyin": "ZZ",
			"ishot": false
		}, {
			"citycode": 350600,
			"name": "漳州",
			"pinyin": "ZZ",
			"ishot": false
		}, {
			"citycode": 430200,
			"name": "株洲",
			"pinyin": "ZZ",
			"ishot": false
		}, {
			"citycode": 370400,
			"name": "枣庄",
			"pinyin": "ZZ",
			"ishot": false
		}, {
			"citycode": 140400,
			"name": "长治",
			"pinyin": "ZZ",
			"ishot": false
		}],
		"recordList": [{
			"citycode": 420100,
			"name": "武汉"
		}, {
			"citycode": 330100,
			"name": "杭州"
		}],
		"alphabet": [
			"area",
			"record",
			"A",
			"B",
			"C",
			"D",
			"E",
			"F",
			"G",
			"H",
			"J",
			"K",
			"L",
			"M",
			"N",
			"P",
			"Q",
			"R",
			"S",
			"T",
			"W",
			"X",
			"Y",
			"Z"
		]
	},
	"statistics": {
		"total": 338
	},
	"code": "1000",
	"message": "获取数据成功",
	"messageType": 1
}
