{
	"pages": [ //pages数组中第一项表示应用启动页，参考：https://uniapp.dcloud.io/collocation/pages
		{
			"path": "pages/index/index",
			"style": {
				"navigationBarTitleText": "首页",
				"navigationStyle": "custom",
				"app-plus": {
					"titleView": false
				}


			}
		}, {
			"path": "pages/classify/classify",
			"style": {
				"navigationBarTitleText": "分类",
				"navigationStyle": "custom",
				"app-plus": {
					"titleView": false
				}

			}

		}, {
			"path": "pages/shanyue/shanyue",
			"style": {
				"navigationBarTitleText": "我的需求",
				"app-plus": {
					"titleNView": {
						"titleSize": "18px",
						"autoBackButton": false
					}
				}

			}

		}, {
			"path": "pages/indent/indent",
			"style": {
				"navigationBarTitleText": "订单",
				"app-plus": {
					"titleNView": {

						"autoBackButton": false
					}
				}

			}

		}, {
			"path": "pages/user/user",
			"style": {
				"navigationBarTitleText": "我的",
				"navigationStyle": "custom",
				"app-plus": {
					"titleView": false
				}

			}

		}, {
			"path": "pages/spxq/spxq",
			"style": {
				"navigationBarTitleText": "服 务 详 情"
			}

		}, {
			"path": "pages/myxq/myxq",
			"style": {
				"navigationBarTitleText": "我的需求"

			}

		}, {
			"path": "pages/spxq/dgxz/dgxz",
			"style": {
				"navigationBarTitleText": "商家退款及爽约赔付规则"

			}

		}, {
			"path": "pages/qrdd/qrdd",
			"style": {
				"navigationBarTitleText": "确认订单",
				"enablePullDownRefresh": false
			}

		}, {
			"path": "pages/ddxq/ddxq",
			"style": {
				"navigationBarTitleText": "订单详情",
				"enablePullDownRefresh": false
			}

		}
		, {
			"path": "pages/pj/pj",
			"style": {
				"navigationBarTitleText": "评价",
				"enablePullDownRefresh": false
			}

		}, {
			"path": "pages/pj/pjcg/pjcg",
			"style": {
				"navigationBarTitleText": "评价成功",
				"enablePullDownRefresh": false
			}

		}, {
			"path": "pages/login/login",
			"style": {
				"navigationBarTitleText": "",
				"navigationStyle": "custom",
				"app-plus": {
					"titleView": false
				}
			}

		}, {
			"path": "pages/login/register/register",
			"style": {
				"navigationBarTitleText": "",
				"navigationStyle": "custom",
				"app-plus": {
					"titleView": false
				}
			}

		}, {
			"path": "pages/qrdd2/qrdd2",
			"style": {
				"navigationBarTitleText": "确认订单",
				"enablePullDownRefresh": false
			}

		}, {
			"path": "pages/zffs/zffs",
			"style": {
				"navigationBarTitleText": "支付方式",
				"enablePullDownRefresh": false
			}

		}
		,  {
			"path": "pages/zfjg/zfjg",
			"style": {
				"navigationBarTitleText": "支付结果",
				"enablePullDownRefresh": false
			}

		}

		, {
			"path": "pages/shenhe/shenhe",
			"style": {
				"navigationBarTitleText": "审核",
				"enablePullDownRefresh": false
			}

		}, {
			"path": "pages/buy_lock/buy_lock",
			"style": {
				"navigationBarTitleText": "",
				"navigationStyle": "custom",
				"app-plus": {
					"titleView": false
				}
			}

		}
	    ,{
            "path" : "pages/yysb/yysb",
            "style" :                                                                                    
            {
                "navigationBarTitleText": "发布订单",
                "enablePullDownRefresh": false
            }
            
        }
        ,{
            "path" : "pages/fbxq/fbxq",
            "style" :                                                                                    
            {
                "navigationBarTitleText": "发布需求",
                "enablePullDownRefresh": false
            }
            
        }
    ],
	"subPackages": [{
		"root": "other",
		"pages": [{
				"path": "pages/chose_city/chose_city",
				"style": {
					"navigationBarTitleText": "选择城市申请入驻",
					"enablePullDownRefresh": false
				}
			}, {
			"path": "pages/fanx/fanx",
			"style": {
				"navigationBarTitleText": "申请售后/返修"

			}
		},{
			"path": "pages/zfcg/zfcg",
			"style": {
				"navigationBarTitleText": "支付成功"
			
			}
		}, {
			"path": "pages/yqx/yqx",
			"style": {
				"navigationBarTitleText": "已取消",
				"enablePullDownRefresh": false
			}

		}, {
			"path": "pages/search/search",
			"style": {
				"navigationBarTitleText": "搜索",
				"navigationStyle": "custom",
				"app-plus": {
					"titleView": false
				}
			}

		}, {
			"path": "pages/bankCard/bankCard",
			"style": {
				"navigationBarTitleText": "添加银行卡"

			}

		}
		

		    ,{
                    "path" : "pages/djd/djd",
                    "style" :                                                                                    
                {
                    "navigationBarTitleText": "待 接 单",
                    "enablePullDownRefresh": false
                }
                
                }
            ]
	}, {
		"root": "my",
		"pages": [
				{
				"path": "pages/set/set",
				"style": {
					"navigationBarTitleText": "设置",
					"enablePullDownRefresh": false
				}

			}, {
				"path": "pages/set/jyfk/jyfk",
				"style": {
					"navigationBarTitleText": "建议反馈",
					"enablePullDownRefresh": false
				}

			},{
				"path": "pages/set/bzzx/bzzx",
				"style": {
					"navigationBarTitleText": "帮助与客服",
					"enablePullDownRefresh": false
				}

			}, {
				"path": "pages/set/tszx/tszx",
				"style": {
					"navigationBarTitleText": "投诉中心",
					"enablePullDownRefresh": false
				}

			}, {
			"path": "pages/set/gywm/gywm",
			"style": {
				"navigationBarTitleText": "关于我们",
				"enablePullDownRefresh": false
			}

		}
		, {
			"path": "pages/set/userXx/userXx",
			"style": {
				"navigationBarTitleText": "个人中心"
		
			}
		
		}
		,{
			"path": "pages/coupon/coupon",
			"style": {
				"navigationBarTitleText": "优惠券"
			}

		}, {
			"path": "pages/address/address",
			"style": {
				"navigationBarTitleText": "收货地址"

			}

		}, {
			"path": "pages/address/addSite/addSite",
			"style": {
				"navigationBarTitleText": "添加收货地址"

			}

		}, {
			"path": "pages/tjhy/tjhy",
			"style": {
				"navigationBarTitleText": "我的推荐码",
				"enablePullDownRefresh": false
			}

		}, {
			"path": "pages/jgrz/jgrz",
			"style": {
				"navigationBarTitleText": "技工入驻",
				"enablePullDownRefresh": false
			}

		},{
			"path": "pages/hhrrz/hhrrz",
			"style": {
				"navigationBarTitleText": "城市合伙人入驻",
				"enablePullDownRefresh": false
			}

		}, {
				"path": "pages/gzfw/gzfw",
				"style": {
					"navigationBarTitleText": "关注服务",
					"enablePullDownRefresh": false
				}

			}


		    ,{
                    "path" : "pages/qbcz/qbcz",
                    "style" :                                                                                    
                {
                    "navigationBarTitleText": "钱包充值",
                    "navigationStyle": "custom",
                    "app-plus": {
                    	"titleView": false
                    }
                }
                
                }
                ,{
                    "path" : "pages/tx/tx",
                    "style" :                                                                                    
                {
                    "navigationBarTitleText": "提现",
                    "enablePullDownRefresh": false
                }
                
                }
                ,{
                    "path" : "pages/hyzx/hyzx",
                    "style" :                                                                                    
                {
                    "navigationBarTitleText": "会员中心",
                    "navigationStyle": "custom",
                    "app-plus": {
                    	"titleView": false
                    }
                }
                
                }
                ,{
                    "path" : "pages/qrzf/qrzf",
                    "style" :                                                                                    
                {
                    "navigationBarTitleText": "确认支付",
                    "enablePullDownRefresh": false
                }
                
                }
                ,{
                    "path" : "pages/hyzx/gmjl/gmjl",
                    "style" :                                                                                    
                {
                    "navigationBarTitleText": "购买记录",
                    "enablePullDownRefresh": false
                }
                
                }
            ]
	}
	],
	"globalStyle": {
		"navigationBarTextStyle": "white",
		"navigationBarTitleText": "uni-app",
		"navigationBarBackgroundColor": "#ffa97e",
		"backgroundColor": "#ffa97e"
	}
	// "tabBar": {
	// 	"color": "#7A7E83",
	// 	"selectedColor": "#3cc51f",
	// 	"borderStyle": "black",
	// 	"backgroundColor": "#ffffff",
	// 	"list": [{
	// 			"pagePath": "pages/index/index"

	// 		},
	// 		{
	// 			"pagePath": "pages/classify/classify"

	// 		},
	// 		{
	// 			"pagePath": "pages/shanyue/shanyue"

	// 		}, {
	// 			"pagePath": "pages/indent/indent"

	// 		},
	// 		{
	// 			"pagePath": "pages/user/user"

	// 		}
	// 	]
	// }
}
